id, clientName, mobile, givenName, familyName, location
000, client0, 5555555550, user0, test, US-TX
001, client1, 5555555551, user1, test, US-AL
002, client2, 5555555552, user2, test, US-OK
003, client3, 5555555553, user3, test, US-MA
004, client4, 5555555554, user4, test, US-NJ
005, client5, 5555555555, user5, test, US-NY
006, client6, 5555555556, user6, test, US-RI
007, client7, 5555555557, user7, test, US-CT
008, client8, 5555555558, user8, test, US-CA
009, client9, 5555555559, user9, test, US-AK
